hour,trips,avg_duration_min,demand_share_pct
0,52775,13.099147955155534,3.6451958701364
1,38221,12.406891499437481,2.63994374898121
2,27661,11.78836026656062,1.9105592224318895
3,20637,11.809817318408683,1.4254079994695386
4,15524,12.380970325517477,1.0722505104310276
5,14767,12.006863276224014,1.0199641385941114
6,32933,11.266490045445803,2.274698921671285
7,55213,12.703321379626777,3.8135897598832984
8,66662,13.963392937505624,4.604377964851402
9,67253,14.120025376810947,4.645198632956577
10,65032,14.189637921843605,4.491793042666232
11,68024,14.659226155474538,4.698451991855206
12,71370,14.696227406473309,4.92956189960464
13,70976,15.010536190637211,4.902348120867857
14,73697,15.856380404448847,5.090288963362242
15,71223,16.164062404934736,4.919408535456653
16,63758,16.158841243451803,4.403797220050339
17,75910,15.595789970579196,5.243141989617322
18,90022,14.398232839380002,6.217864947824141
19,89753,13.222704904942825,6.1992849821383675
20,83536,12.86406319830173,5.769873656233337
21,83607,12.999611077222402,5.7747776620463105
22,79936,13.472555335935414,5.5212198403642505
23,69306,13.607323079290873,4.787000378506364
